,OfferID,CustomerID,OfferType,DiscountValue,Accepted
0,OFR3668-QPYBK,3668-QPYBK,Discount,30,No
1,OFR1066-JKSGK,1066-JKSGK,Upgrade,20,No
2,OFR8773-HHUOZ,8773-HHUOZ,Free Month,20,Yes
3,OFR6047-YHPVI,6047-YHPVI,Free Month,30,No
4,OFR8168-UQWWF,8168-UQWWF,Discount,20,No
5,OFR7760-OYPDY,7760-OYPDY,Free Month,10,No
6,OFR1658-BYGOY,1658-BYGOY,Discount,30,Yes
7,OFR5698-BQJOH,5698-BQJOH,Discount,30,Yes
8,OFR8637-XJIVR,8637-XJIVR,Upgrade,10,No
9,OFR4598-XLKNJ,4598-XLKNJ,Upgrade,30,No
10,OFR0486-HECZI,0486-HECZI,Upgrade,30,Yes
11,OFR4846-WHAFZ,4846-WHAFZ,Free Month,20,Yes
12,OFR5299-RULOA,5299-RULOA,Free Month,30,Yes
13,OFR0404-SWRVG,0404-SWRVG,Upgrade,20,Yes
14,OFR4412-YLTKF,4412-YLTKF,Upgrade,30,Yes
15,OFR2372-HWUHI,2372-HWUHI,Discount,10,No
16,OFR3874-EQOEP,3874-EQOEP,Free Month,20,Yes
17,OFR3376-BMGFE,3376-BMGFE,Discount,10,No
18,OFR3445-HXXGF,3445-HXXGF,Free Month,30,No
19,OFR2070-FNEXE,2070-FNEXE,Upgrade,10,No
20,OFR9367-WXLCH,9367-WXLCH,Free Month,30,No
21,OFR1285-OKIPP,1285-OKIPP,Discount,30,No
22,OFR7825-ECJRF,7825-ECJRF,Free Month,10,Yes
23,OFR0094-OIFMO,0094-OIFMO,Discount,10,No
24,OFR9514-JDSKI,9514-JDSKI,Upgrade,30,No
25,OFR4959-JOSRX,4959-JOSRX,Upgrade,10,No
26,OFR3606-TWKGI,3606-TWKGI,Free Month,10,No
27,OFR6366-ZGQGL,6366-ZGQGL,Upgrade,10,Yes
28,OFR5940-AHUHD,5940-AHUHD,Discount,30,No
29,OFR3580-REOAC,3580-REOAC,Upgrade,10,No
30,OFR6390-DSAZX,6390-DSAZX,Upgrade,20,No
31,OFR0265-EDXBD,0265-EDXBD,Upgrade,20,No
32,OFR5020-ZSTTY,5020-ZSTTY,Discount,30,No
33,OFR4572-DVCGN,4572-DVCGN,Discount,30,No
34,OFR9057-MSWCO,9057-MSWCO,Upgrade,20,Yes
35,OFR1010-DIAUQ,1010-DIAUQ,Upgrade,10,Yes
36,OFR0259-GBZSH,0259-GBZSH,Upgrade,20,Yes
37,OFR6905-NIQIN,6905-NIQIN,Free Month,10,No
38,OFR0979-PHULV,0979-PHULV,Discount,10,No
39,OFR0334-GDDSO,0334-GDDSO,Upgrade,20,Yes
40,OFR7752-XUSCI,7752-XUSCI,Upgrade,10,No
41,OFR0256-LTHVJ,0256-LTHVJ,Discount,20,Yes
42,OFR0880-TKATG,0880-TKATG,Upgrade,10,Yes
43,OFR4640-UHDOS,4640-UHDOS,Free Month,10,No
44,OFR3583-EKAPL,3583-EKAPL,Free Month,20,Yes
45,OFR9399-APLBT,9399-APLBT,Upgrade,10,Yes
46,OFR0306-JAELE,0306-JAELE,Upgrade,20,Yes
47,OFR0447-BEMNG,0447-BEMNG,Free Month,20,No
48,OFR8372-JUXUI,8372-JUXUI,Upgrade,30,No
49,OFR4636-QRJKY,4636-QRJKY,Upgrade,30,No
50,OFR8397-MVTAZ,8397-MVTAZ,Free Month,20,No
51,OFR6986-IJDHX,6986-IJDHX,Discount,20,No
52,OFR3627-FHKBK,3627-FHKBK,Free Month,30,Yes
53,OFR3419-SNJJD,3419-SNJJD,Upgrade,30,Yes
54,OFR6543-CPZMK,6543-CPZMK,Upgrade,20,No
55,OFR4765-OXPPD,4765-OXPPD,Upgrade,10,No
56,OFR1009-IRMNA,1009-IRMNA,Free Month,10,No
57,OFR7207-RMRDB,7207-RMRDB,Upgrade,30,No
58,OFR0970-ETWGE,0970-ETWGE,Discount,10,Yes
59,OFR1626-ERCMM,1626-ERCMM,Free Month,10,No
60,OFR0887-HJGAR,0887-HJGAR,Discount,20,Yes
61,OFR5644-PDMZC,5644-PDMZC,Discount,10,No
62,OFR4464-JCOLN,4464-JCOLN,Discount,30,No
63,OFR3859-CVCET,3859-CVCET,Discount,30,Yes
64,OFR0822-GAVAP,0822-GAVAP,Discount,10,No
65,OFR0067-DKWBL,0067-DKWBL,Discount,20,Yes
66,OFR5896-NPFWW,5896-NPFWW,Free Month,20,No
67,OFR6439-GTPCA,6439-GTPCA,Free Month,30,Yes
68,OFR6683-VLCTZ,6683-VLCTZ,Free Month,30,No
69,OFR0236-HFWSV,0236-HFWSV,Upgrade,10,No
70,OFR7314-OXENN,7314-OXENN,Upgrade,10,No
71,OFR0322-CHQRU,0322-CHQRU,Upgrade,30,Yes
72,OFR4678-DVQEO,4678-DVQEO,Free Month,30,Yes
73,OFR3009-JWMPU,3009-JWMPU,Free Month,10,Yes
74,OFR1450-GALXR,1450-GALXR,Discount,30,No
75,OFR4853-RULSV,4853-RULSV,Discount,10,Yes
76,OFR0115-TFERT,0115-TFERT,Free Month,30,No
77,OFR2311-QYMUQ,2311-QYMUQ,Upgrade,10,Yes
78,OFR3643-AHCFP,3643-AHCFP,Discount,20,Yes
79,OFR3104-OWCGK,3104-OWCGK,Discount,10,No
80,OFR1038-ZAGBI,1038-ZAGBI,Upgrade,10,No
81,OFR3027-ZTDHO,3027-ZTDHO,Discount,20,Yes
82,OFR2382-BCKQJ,2382-BCKQJ,Upgrade,20,Yes
83,OFR2207-NHRJK,2207-NHRJK,Discount,10,No
84,OFR0947-MUGVO,0947-MUGVO,Discount,10,No
85,OFR4124-MMETB,4124-MMETB,Discount,20,No
86,OFR3671-SHRSP,3671-SHRSP,Free Month,10,Yes
87,OFR3313-QKNKB,3313-QKNKB,Free Month,30,No
88,OFR0207-MDKNV,0207-MDKNV,Upgrade,20,Yes
89,OFR9851-KIELU,9851-KIELU,Free Month,10,No
90,OFR3804-RVTGV,3804-RVTGV,Free Month,30,No
91,OFR9227-LUNBG,9227-LUNBG,Upgrade,20,No
92,OFR2719-BDAQO,2719-BDAQO,Discount,30,No
93,OFR9625-QSTYE,9625-QSTYE,Upgrade,10,No
94,OFR4750-ZRXIU,4750-ZRXIU,Upgrade,10,Yes
95,OFR6680-WKXRZ,6680-WKXRZ,Free Month,30,No
96,OFR9889-TMAHG,9889-TMAHG,Upgrade,30,No
97,OFR3158-MOERK,3158-MOERK,Free Month,20,No
98,OFR8919-FYFQZ,8919-FYFQZ,Free Month,20,No
99,OFR3842-IYKUE,3842-IYKUE,Upgrade,20,Yes
100,OFR8357-EQXFO,8357-EQXFO,Upgrade,20,Yes
101,OFR9524-EGPJC,9524-EGPJC,Upgrade,10,No
102,OFR6993-OHLXR,6993-OHLXR,Discount,10,Yes
103,OFR8818-XYFCQ,8818-XYFCQ,Discount,10,Yes
104,OFR3863-IUBJR,3863-IUBJR,Free Month,10,Yes
105,OFR4184-TJFAN,4184-TJFAN,Upgrade,20,No
106,OFR1236-WFCDV,1236-WFCDV,Free Month,20,No
107,OFR8329-IBCTI,8329-IBCTI,Free Month,20,No
108,OFR5669-SRAIP,5669-SRAIP,Upgrade,10,No
109,OFR2074-GKOWZ,2074-GKOWZ,Free Month,20,No
110,OFR0376-YMCJC,0376-YMCJC,Discount,10,No
111,OFR3097-NNSPB,3097-NNSPB,Upgrade,10,Yes
112,OFR9878-TNQGW,9878-TNQGW,Upgrade,10,No
113,OFR8999-BOHSE,8999-BOHSE,Upgrade,10,Yes
114,OFR7029-RPUAV,7029-RPUAV,Free Month,30,Yes
115,OFR4607-CHPCA,4607-CHPCA,Discount,30,No
116,OFR8824-RWFXJ,8824-RWFXJ,Discount,20,Yes
117,OFR0841-NULXI,0841-NULXI,Discount,20,No
118,OFR7851-WZEKY,7851-WZEKY,Discount,30,No
119,OFR4086-YQSNZ,4086-YQSNZ,Discount,20,Yes
120,OFR1579-KLYDT,1579-KLYDT,Upgrade,20,No
121,OFR1618-CFHME,1618-CFHME,Upgrade,20,No
122,OFR5565-FILXA,5565-FILXA,Free Month,30,No
123,OFR5552-ZNFSJ,5552-ZNFSJ,Upgrade,30,Yes
124,OFR2223-KAGMX,2223-KAGMX,Free Month,20,Yes
125,OFR2833-SLKDQ,2833-SLKDQ,Upgrade,20,No
126,OFR4187-CINZD,4187-CINZD,Upgrade,30,No
127,OFR6818-WOBHJ,6818-WOBHJ,Discount,30,Yes
128,OFR9134-CEQMF,9134-CEQMF,Upgrade,20,No
129,OFR4566-QVRRW,4566-QVRRW,Upgrade,20,No
130,OFR0201-OAMXR,0201-OAMXR,Free Month,10,No
131,OFR3372-KWFBM,3372-KWFBM,Free Month,30,Yes
132,OFR9831-BPFRI,9831-BPFRI,Discount,20,No
133,OFR7206-GZCDC,7206-GZCDC,Discount,10,No
134,OFR3838-OZURD,3838-OZURD,Upgrade,30,Yes
135,OFR9269-CQOOL,9269-CQOOL,Free Month,10,No
136,OFR2568-BRGYX,2568-BRGYX,Upgrade,30,Yes
137,OFR7249-WBIYX,7249-WBIYX,Discount,20,Yes
138,OFR6567-HOOPW,6567-HOOPW,Free Month,20,Yes
139,OFR3164-AALRN,3164-AALRN,Upgrade,30,No
140,OFR0471-LVHGK,0471-LVHGK,Upgrade,10,No
141,OFR6240-EURKS,6240-EURKS,Discount,10,Yes
142,OFR7861-UVUFT,7861-UVUFT,Upgrade,20,No
143,OFR5357-TZHPP,5357-TZHPP,Discount,20,Yes
144,OFR9546-CQJSU,9546-CQJSU,Free Month,30,Yes
145,OFR0506-LVNGN,0506-LVNGN,Discount,30,No
146,OFR7893-IXHRQ,7893-IXHRQ,Free Month,30,Yes
147,OFR9283-LZQOH,9283-LZQOH,Discount,30,Yes
148,OFR7079-QRCBC,7079-QRCBC,Discount,10,No
149,OFR5469-CTCWN,5469-CTCWN,Discount,20,Yes
150,OFR7881-EVUAD,7881-EVUAD,Free Month,30,No
151,OFR2886-KEFUM,2886-KEFUM,Free Month,10,Yes
152,OFR0637-YLETY,0637-YLETY,Discount,10,No
153,OFR1157-BQCUW,1157-BQCUW,Upgrade,10,Yes
154,OFR2660-EMUBI,2660-EMUBI,Upgrade,20,Yes
155,OFR7675-OZCZG,7675-OZCZG,Free Month,30,No
156,OFR2003-CKLOR,2003-CKLOR,Discount,10,Yes
157,OFR9254-RBFON,9254-RBFON,Upgrade,20,No
158,OFR9391-EOYLI,9391-EOYLI,Free Month,30,Yes
159,OFR8387-MOJJT,8387-MOJJT,Discount,30,No
160,OFR3068-OMWZA,3068-OMWZA,Free Month,10,No
161,OFR6352-TWCAU,6352-TWCAU,Free Month,30,Yes
162,OFR2929-QNSRW,2929-QNSRW,Free Month,30,Yes
163,OFR5442-XSDCW,5442-XSDCW,Discount,10,Yes
164,OFR8580-AECUZ,8580-AECUZ,Free Month,30,Yes
165,OFR1228-FZFRV,1228-FZFRV,Upgrade,30,Yes
166,OFR5364-XYIRR,5364-XYIRR,Discount,30,No
167,OFR4829-AUOAX,4829-AUOAX,Free Month,10,Yes
168,OFR0375-HVGXO,0375-HVGXO,Upgrade,30,No
169,OFR0107-YHINA,0107-YHINA,Upgrade,30,No
170,OFR3877-JRJIP,3877-JRJIP,Discount,10,No
171,OFR9436-ZBZCT,9436-ZBZCT,Free Month,10,No
172,OFR7279-BUYWN,7279-BUYWN,Upgrade,30,Yes
173,OFR0516-VRYBW,0516-VRYBW,Upgrade,20,No
174,OFR8380-PEFPE,8380-PEFPE,Upgrade,10,Yes
175,OFR5687-DKDTV,5687-DKDTV,Discount,30,No
176,OFR7530-HDYDS,7530-HDYDS,Upgrade,20,Yes
177,OFR5922-ABDVO,5922-ABDVO,Free Month,20,No
178,OFR6910-HADCM,6910-HADCM,Discount,20,Yes
179,OFR4816-LXZYW,4816-LXZYW,Free Month,20,No
180,OFR3536-IQCTX,3536-IQCTX,Free Month,30,Yes
181,OFR6365-MTGZX,6365-MTGZX,Upgrade,10,No
182,OFR6990-YNRIO,6990-YNRIO,Free Month,20,Yes
183,OFR0621-TWIEM,0621-TWIEM,Upgrade,10,No
184,OFR0923-PNFUB,0923-PNFUB,Discount,30,Yes
185,OFR8840-DQLGN,8840-DQLGN,Upgrade,30,No
186,OFR4547-LYTDD,4547-LYTDD,Upgrade,10,No
187,OFR7776-QWNFX,7776-QWNFX,Free Month,30,No
188,OFR4720-VSTSI,4720-VSTSI,Discount,20,No
189,OFR3946-MHCZW,3946-MHCZW,Free Month,30,No
190,OFR6651-AZVTJ,6651-AZVTJ,Free Month,20,Yes
191,OFR0420-BWTPW,0420-BWTPW,Discount,30,Yes
192,OFR5054-IEXZT,5054-IEXZT,Discount,30,No
193,OFR5834-ASPWA,5834-ASPWA,Discount,30,Yes
194,OFR0565-IYCGT,0565-IYCGT,Discount,20,Yes
195,OFR5445-UTODQ,5445-UTODQ,Upgrade,20,No
196,OFR3424-NMNBO,3424-NMNBO,Free Month,30,No
197,OFR4514-GFCFI,4514-GFCFI,Discount,20,No
198,OFR1447-PJGGA,1447-PJGGA,Discount,30,Yes
199,OFR8565-CLBZW,8565-CLBZW,Discount,20,No
200,OFR0224-HJAPT,0224-HJAPT,Upgrade,20,No
201,OFR3074-GQWYX,3074-GQWYX,Discount,30,No
202,OFR8861-HGGKB,8861-HGGKB,Upgrade,10,No
203,OFR7065-YUNRY,7065-YUNRY,Free Month,10,Yes
204,OFR4795-KTRTH,4795-KTRTH,Discount,10,No
205,OFR3753-TSEMP,3753-TSEMP,Free Month,20,Yes
206,OFR3177-LASXD,3177-LASXD,Discount,30,No
207,OFR2955-BJZHG,2955-BJZHG,Free Month,30,No
208,OFR9300-RENDD,9300-RENDD,Free Month,10,Yes
209,OFR3106-ULWFW,3106-ULWFW,Free Month,30,No
210,OFR0925-VYDLG,0925-VYDLG,Free Month,30,Yes
211,OFR8945-MUQUF,8945-MUQUF,Discount,20,No
212,OFR9061-TIHDA,9061-TIHDA,Discount,30,Yes
213,OFR7927-AUXBZ,7927-AUXBZ,Free Month,10,No
214,OFR2514-GINMM,2514-GINMM,Free Month,10,No
215,OFR4285-GYRQC,4285-GYRQC,Free Month,10,No
216,OFR8182-BJDSI,8182-BJDSI,Discount,10,Yes
217,OFR0866-QLSIR,0866-QLSIR,Free Month,30,No
218,OFR6204-IEUXJ,6204-IEUXJ,Discount,30,No
219,OFR2506-CLAKW,2506-CLAKW,Free Month,10,No
220,OFR1583-IHQZE,1583-IHQZE,Free Month,30,Yes
221,OFR4140-MUHUG,4140-MUHUG,Upgrade,10,No
222,OFR3571-RFHAR,3571-RFHAR,Discount,30,Yes
223,OFR9578-VRMNM,9578-VRMNM,Discount,20,No
224,OFR7488-MXJIV,7488-MXJIV,Upgrade,30,No
225,OFR4800-CZMPC,4800-CZMPC,Upgrade,30,Yes
226,OFR8949-JTMAY,8949-JTMAY,Upgrade,20,Yes
227,OFR3211-ILJTT,3211-ILJTT,Free Month,20,No
228,OFR4612-THJBS,4612-THJBS,Free Month,20,No
229,OFR4094-NSEDU,4094-NSEDU,Discount,10,No
230,OFR5103-MHMHY,5103-MHMHY,Discount,30,Yes
231,OFR1846-XWOQN,1846-XWOQN,Discount,10,No
232,OFR5236-PERKL,5236-PERKL,Free Month,10,No
233,OFR8263-JQAIK,8263-JQAIK,Upgrade,10,Yes
234,OFR2636-OHFMN,2636-OHFMN,Discount,20,No
235,OFR1323-OOEPC,1323-OOEPC,Upgrade,10,Yes
236,OFR9921-ZVRHG,9921-ZVRHG,Free Month,10,No
237,OFR9206-GVPEQ,9206-GVPEQ,Upgrade,10,No
238,OFR1596-BBVTG,1596-BBVTG,Discount,10,No
239,OFR3707-GNWHM,3707-GNWHM,Upgrade,30,No
240,OFR8922-LIEGH,8922-LIEGH,Free Month,20,Yes
241,OFR8245-UMPYT,8245-UMPYT,Free Month,10,No
242,OFR5373-SFODM,5373-SFODM,Upgrade,10,No
243,OFR5766-ZJYBB,5766-ZJYBB,Free Month,30,Yes
244,OFR8931-GJJIQ,8931-GJJIQ,Discount,20,No
245,OFR0022-TCJCI,0022-TCJCI,Discount,20,No
246,OFR0203-HHYIJ,0203-HHYIJ,Upgrade,20,No
247,OFR8178-EYZUO,8178-EYZUO,Upgrade,30,No
248,OFR3269-ATYWD,3269-ATYWD,Upgrade,30,Yes
249,OFR4323-SADQS,4323-SADQS,Free Month,10,No
250,OFR4446-BZKHU,4446-BZKHU,Upgrade,20,No
251,OFR5202-IVJNU,5202-IVJNU,Upgrade,10,No
252,OFR2195-ZRVAX,2195-ZRVAX,Free Month,30,Yes
253,OFR3550-SAHFP,3550-SAHFP,Upgrade,30,Yes
254,OFR4873-ILOLJ,4873-ILOLJ,Discount,20,Yes
255,OFR2725-KXXWT,2725-KXXWT,Discount,10,No
256,OFR9565-DJPIB,9565-DJPIB,Upgrade,30,No
257,OFR8348-HFYIV,8348-HFYIV,Discount,30,Yes
258,OFR2608-BHKFN,2608-BHKFN,Discount,10,Yes
259,OFR8128-YVJRG,8128-YVJRG,Discount,20,Yes
260,OFR2397-BRLOM,2397-BRLOM,Upgrade,10,No
261,OFR8510-AWCXC,8510-AWCXC,Discount,30,Yes
262,OFR3426-NIYYL,3426-NIYYL,Upgrade,30,No
263,OFR0415-MOSGF,0415-MOSGF,Discount,20,No
264,OFR4826-XTSOH,4826-XTSOH,Discount,20,Yes
265,OFR4139-SUGLD,4139-SUGLD,Free Month,20,Yes
266,OFR6857-VWJDT,6857-VWJDT,Free Month,20,Yes
267,OFR5577-OTWWW,5577-OTWWW,Free Month,30,Yes
268,OFR6100-QQHEB,6100-QQHEB,Upgrade,30,Yes
269,OFR0709-TVGUR,0709-TVGUR,Upgrade,30,No
270,OFR3001-CBHLQ,3001-CBHLQ,Discount,30,Yes
271,OFR3763-GCZHZ,3763-GCZHZ,Free Month,20,Yes
272,OFR4102-OQUPX,4102-OQUPX,Free Month,20,No
273,OFR3999-QGRJH,3999-QGRJH,Upgrade,30,No
274,OFR5027-QPKTE,5027-QPKTE,Discount,10,No
275,OFR2672-HUYVI,2672-HUYVI,Upgrade,30,No
276,OFR7508-MYBOG,7508-MYBOG,Discount,10,No
277,OFR9992-RRAMN,9992-RRAMN,Upgrade,30,Yes
278,OFR4550-VBOFE,4550-VBOFE,Discount,20,No
279,OFR1732-VHUBQ,1732-VHUBQ,Discount,10,No
280,OFR0495-RVCBF,0495-RVCBF,Discount,30,Yes
281,OFR2115-BFTIW,2115-BFTIW,Discount,30,No
282,OFR7780-OTDSO,7780-OTDSO,Discount,20,Yes
283,OFR8802-UNOJF,8802-UNOJF,Upgrade,20,No
284,OFR4626-GYCZP,4626-GYCZP,Discount,20,No
285,OFR5590-BYNII,5590-BYNII,Discount,10,No
286,OFR3237-AJGEH,3237-AJGEH,Upgrade,20,No
287,OFR1481-ZUWZA,1481-ZUWZA,Upgrade,20,Yes
288,OFR2309-OSFEU,2309-OSFEU,Upgrade,10,Yes
289,OFR7613-LLQFO,7613-LLQFO,Upgrade,10,No
290,OFR3801-HMYNL,3801-HMYNL,Discount,20,Yes
291,OFR9685-WKZGT,9685-WKZGT,Free Month,30,No
292,OFR6022-UGGSO,6022-UGGSO,Free Month,30,No
293,OFR6127-ISGTU,6127-ISGTU,Upgrade,20,Yes
294,OFR8740-XLHDR,8740-XLHDR,Upgrade,20,Yes
295,OFR1208-DNHLN,1208-DNHLN,Discount,30,No
296,OFR7120-RFMVS,7120-RFMVS,Upgrade,20,No
297,OFR1550-LOAHA,1550-LOAHA,Upgrade,20,No
298,OFR0268-QKIWO,0268-QKIWO,Free Month,20,No
299,OFR0617-FHSGK,0617-FHSGK,Upgrade,20,Yes
300,OFR2858-MOFSQ,2858-MOFSQ,Upgrade,10,Yes
301,OFR4250-FDVOU,4250-FDVOU,Free Month,20,Yes
302,OFR5052-PNLOS,5052-PNLOS,Discount,20,No
303,OFR6979-ZNSFF,6979-ZNSFF,Upgrade,30,No
304,OFR8809-RIHDD,8809-RIHDD,Free Month,30,Yes
305,OFR5307-DZCVC,5307-DZCVC,Discount,10,No
306,OFR3884-HCSWG,3884-HCSWG,Discount,10,No
307,OFR5649-ANRML,5649-ANRML,Upgrade,10,No
308,OFR7410-KTVFV,7410-KTVFV,Free Month,30,Yes
309,OFR2834-SPCJV,2834-SPCJV,Upgrade,10,Yes
310,OFR6397-JNZZG,6397-JNZZG,Upgrade,20,Yes
311,OFR0895-DQHEW,0895-DQHEW,Free Month,30,No
312,OFR3148-BLQJT,3148-BLQJT,Discount,10,No
313,OFR7779-LGOVN,7779-LGOVN,Free Month,10,No
314,OFR4183-WCSEP,4183-WCSEP,Discount,20,No
315,OFR5498-TXHLF,5498-TXHLF,Discount,10,Yes
316,OFR3902-FOIGH,3902-FOIGH,Upgrade,20,No
317,OFR7112-OPOTK,7112-OPOTK,Upgrade,10,Yes
318,OFR3318-OSATS,3318-OSATS,Free Month,30,No
319,OFR5828-AVIPD,5828-AVIPD,Discount,20,Yes
320,OFR1086-LXKFY,1086-LXKFY,Discount,30,No
321,OFR9885-CSMWE,9885-CSMWE,Upgrade,20,No
322,OFR5016-ETTFF,5016-ETTFF,Free Month,30,No
323,OFR3866-MDTUB,3866-MDTUB,Free Month,30,No
324,OFR0697-ZMSWS,0697-ZMSWS,Free Month,20,No
325,OFR8276-MQBYC,8276-MQBYC,Free Month,30,No
326,OFR0337-CNPZE,0337-CNPZE,Discount,30,Yes
327,OFR7663-RGWBC,7663-RGWBC,Upgrade,20,No
328,OFR9124-LHCJQ,9124-LHCJQ,Upgrade,30,No
329,OFR2235-ZGKPT,2235-ZGKPT,Upgrade,10,Yes
330,OFR7580-UGXNC,7580-UGXNC,Discount,10,No
331,OFR4918-QLLIW,4918-QLLIW,Discount,30,No
332,OFR2947-DOMLJ,2947-DOMLJ,Free Month,20,Yes
333,OFR2430-USGXP,2430-USGXP,Free Month,30,No
334,OFR3834-XUIFC,3834-XUIFC,Discount,30,No
335,OFR8414-MYSHR,8414-MYSHR,Discount,20,Yes
336,OFR8229-TNIQA,8229-TNIQA,Upgrade,10,No
337,OFR6221-AVQYL,6221-AVQYL,Free Month,10,Yes
338,OFR3746-EUBYR,3746-EUBYR,Discount,20,No
339,OFR9474-PHLYD,9474-PHLYD,Upgrade,30,Yes
340,OFR8914-RBTSB,8914-RBTSB,Discount,30,No
341,OFR6331-EWIEB,6331-EWIEB,Free Month,10,No
342,OFR1670-SVOWZ,1670-SVOWZ,Discount,10,No
343,OFR7541-YLXCL,7541-YLXCL,Free Month,30,No
344,OFR6210-KBBPI,6210-KBBPI,Discount,10,No
345,OFR2260-USTRB,2260-USTRB,Upgrade,30,Yes
346,OFR3656-TKRVZ,3656-TKRVZ,Discount,20,No
347,OFR8623-TMRBY,8623-TMRBY,Free Month,30,No
348,OFR6900-PXRMS,6900-PXRMS,Upgrade,30,Yes
349,OFR3346-BRMIS,3346-BRMIS,Discount,30,Yes
350,OFR3194-ORPIK,3194-ORPIK,Free Month,10,Yes
351,OFR7825-GKXMW,7825-GKXMW,Free Month,10,No
352,OFR0836-SEYLU,0836-SEYLU,Discount,30,No
353,OFR6849-OYAMU,6849-OYAMU,Discount,30,No
354,OFR1150-WFARN,1150-WFARN,Free Month,30,No
355,OFR4818-QIUFN,4818-QIUFN,Upgrade,10,Yes
356,OFR6961-VCPMC,6961-VCPMC,Free Month,20,No
357,OFR9057-SIHCH,9057-SIHCH,Upgrade,10,Yes
358,OFR6771-XWBDM,6771-XWBDM,Discount,30,Yes
359,OFR8601-QACRS,8601-QACRS,Upgrade,30,No
360,OFR2391-SOORI,2391-SOORI,Free Month,30,No
361,OFR2645-QTLMB,2645-QTLMB,Discount,20,No
362,OFR4424-TKOPW,4424-TKOPW,Free Month,30,Yes
363,OFR7479-NITWS,7479-NITWS,Free Month,20,No
364,OFR0684-AOSIH,0684-AOSIH,Free Month,30,No
365,OFR8337-UPOAQ,8337-UPOAQ,Discount,10,No
366,OFR1725-IQNIY,1725-IQNIY,Free Month,20,No
367,OFR8614-VGMMV,8614-VGMMV,Free Month,20,Yes
368,OFR5914-DVBWJ,5914-DVBWJ,Upgrade,20,No
369,OFR8644-XLFBW,8644-XLFBW,Free Month,10,No
370,OFR8625-AZYZY,8625-AZYZY,Free Month,20,No
371,OFR8374-XGEJJ,8374-XGEJJ,Discount,30,No
372,OFR2325-ZUSFD,2325-ZUSFD,Upgrade,30,No
373,OFR3932-CMDTD,3932-CMDTD,Upgrade,10,No
374,OFR0004-TLHLJ,0004-TLHLJ,Free Month,10,No
375,OFR1396-QWFBJ,1396-QWFBJ,Discount,30,Yes
376,OFR3886-CERTZ,3886-CERTZ,Free Month,30,No
377,OFR5759-RCVCB,5759-RCVCB,Upgrade,10,Yes
378,OFR6319-IEJWJ,6319-IEJWJ,Discount,20,No
379,OFR5275-SQEIZ,5275-SQEIZ,Upgrade,30,No
380,OFR4390-KYULV,4390-KYULV,Free Month,20,No
381,OFR1304-NECVQ,1304-NECVQ,Discount,30,No
382,OFR8945-GRKHX,8945-GRKHX,Discount,20,No
383,OFR5154-VEKBL,5154-VEKBL,Discount,20,Yes
384,OFR4652-NNHNY,4652-NNHNY,Upgrade,30,Yes
385,OFR8515-OCTJS,8515-OCTJS,Discount,30,Yes
386,OFR1334-FJSVR,1334-FJSVR,Upgrade,10,No
387,OFR0406-BPDVR,0406-BPDVR,Discount,30,No
388,OFR0618-XWMSS,0618-XWMSS,Free Month,30,No
389,OFR2984-MIIZL,2984-MIIZL,Upgrade,30,Yes
390,OFR5590-YRFJT,5590-YRFJT,Free Month,30,Yes
391,OFR3677-TNKIO,3677-TNKIO,Free Month,10,Yes
392,OFR3329-WDIOK,3329-WDIOK,Free Month,30,No
393,OFR2873-ZLIWT,2873-ZLIWT,Free Month,10,Yes
394,OFR7239-HZZCX,7239-HZZCX,Upgrade,30,No
395,OFR0946-CLJTI,0946-CLJTI,Discount,20,No
396,OFR0628-CNQRM,0628-CNQRM,Discount,30,No
397,OFR7665-TOALD,7665-TOALD,Free Month,10,No
398,OFR2777-PHDEI,2777-PHDEI,Free Month,20,Yes
399,OFR9189-JWSHV,9189-JWSHV,Upgrade,10,No
400,OFR2876-VBBBL,2876-VBBBL,Free Month,10,No
401,OFR6834-NXDCA,6834-NXDCA,Discount,20,No
402,OFR5597-GLBUC,5597-GLBUC,Free Month,20,Yes
403,OFR3663-MITLP,3663-MITLP,Upgrade,10,No
404,OFR4902-OHLSK,4902-OHLSK,Discount,20,Yes
405,OFR0495-ZBNGW,0495-ZBNGW,Discount,20,Yes
406,OFR3737-GCSPV,3737-GCSPV,Free Month,10,No
407,OFR4088-YLDSU,4088-YLDSU,Free Month,30,No
408,OFR3683-QKIUE,3683-QKIUE,Upgrade,20,Yes
409,OFR3519-ZKXGG,3519-ZKXGG,Free Month,20,No
410,OFR5108-ADXWO,5108-ADXWO,Discount,20,No
411,OFR1567-DSCIC,1567-DSCIC,Discount,30,No
412,OFR2157-MXBJS,2157-MXBJS,Free Month,10,No
413,OFR9360-AHGNL,9360-AHGNL,Discount,20,No
414,OFR1087-UDSIH,1087-UDSIH,Free Month,30,No
415,OFR5485-WUYWF,5485-WUYWF,Free Month,20,No
416,OFR2632-UCGVD,2632-UCGVD,Free Month,30,Yes
417,OFR9170-CCKOU,9170-CCKOU,Discount,30,Yes
418,OFR1043-YCUTE,1043-YCUTE,Free Month,10,Yes
419,OFR6425-YQLLO,6425-YQLLO,Discount,20,No
420,OFR7734-DBOAI,7734-DBOAI,Discount,30,No
421,OFR2091-RFFBA,2091-RFFBA,Discount,20,Yes
422,OFR2114-MGINA,2114-MGINA,Free Month,30,Yes
423,OFR9019-QVLZD,9019-QVLZD,Free Month,30,Yes
424,OFR2979-SXESE,2979-SXESE,Upgrade,10,No
425,OFR7130-VTEWQ,7130-VTEWQ,Discount,30,No
426,OFR7903-CMPEY,7903-CMPEY,Discount,10,No
427,OFR6996-KNSML,6996-KNSML,Upgrade,30,No
428,OFR1704-NRWYE,1704-NRWYE,Upgrade,10,Yes
429,OFR2592-SEIFQ,2592-SEIFQ,Free Month,10,No
430,OFR7481-ATQQS,7481-ATQQS,Upgrade,30,No
431,OFR8642-GVWRF,8642-GVWRF,Free Month,10,No
432,OFR2057-ZBLPD,2057-ZBLPD,Free Month,20,No
433,OFR5502-RLUYV,5502-RLUYV,Free Month,10,No
434,OFR0023-HGHWL,0023-HGHWL,Discount,10,Yes
435,OFR1792-UXAFY,1792-UXAFY,Free Month,20,No
436,OFR0378-XSZPU,0378-XSZPU,Upgrade,10,Yes
437,OFR9837-BMCLM,9837-BMCLM,Discount,20,Yes
438,OFR0137-UDEUO,0137-UDEUO,Discount,20,No
439,OFR6161-UUUTA,6161-UUUTA,Upgrade,10,Yes
440,OFR6543-XRMYR,6543-XRMYR,Upgrade,10,No
441,OFR8280-MQRQN,8280-MQRQN,Free Month,20,No
442,OFR2037-SGXHH,2037-SGXHH,Upgrade,20,No
443,OFR3178-FESZO,3178-FESZO,Upgrade,20,No
444,OFR6087-MVHJH,6087-MVHJH,Free Month,30,No
445,OFR7083-YNSKY,7083-YNSKY,Discount,20,No
446,OFR6178-KFNHS,6178-KFNHS,Free Month,30,No
447,OFR8580-QVLOC,8580-QVLOC,Upgrade,20,No
448,OFR8808-ELEHO,8808-ELEHO,Discount,10,No
449,OFR3506-LCJDC,3506-LCJDC,Free Month,20,No
450,OFR2154-KVJFF,2154-KVJFF,Discount,10,No
451,OFR9647-ERGBE,9647-ERGBE,Upgrade,10,Yes
452,OFR3428-XZMAZ,3428-XZMAZ,Upgrade,10,Yes
453,OFR4355-HBJHH,4355-HBJHH,Discount,30,No
454,OFR0318-QUUOB,0318-QUUOB,Free Month,10,No
455,OFR8063-GBATB,8063-GBATB,Upgrade,20,Yes
456,OFR4547-KQRTM,4547-KQRTM,Upgrade,10,No
457,OFR1069-XAIEM,1069-XAIEM,Upgrade,30,Yes
458,OFR4658-HCOHW,4658-HCOHW,Upgrade,30,No
459,OFR6987-XQSJT,6987-XQSJT,Discount,10,No
460,OFR3540-RZJYU,3540-RZJYU,Free Month,20,No
461,OFR0883-EIBTI,0883-EIBTI,Free Month,20,No
462,OFR0722-TROQR,0722-TROQR,Upgrade,30,No
463,OFR3393-FMZPV,3393-FMZPV,Free Month,30,No
464,OFR9965-YOKZB,9965-YOKZB,Upgrade,30,No
465,OFR0362-ZBZWJ,0362-ZBZWJ,Discount,30,Yes
466,OFR1541-ETJZO,1541-ETJZO,Discount,20,No
467,OFR8785-EPNCG,8785-EPNCG,Free Month,20,Yes
468,OFR2962-XPMCQ,2962-XPMCQ,Free Month,30,Yes
469,OFR8627-EHGIP,8627-EHGIP,Upgrade,20,Yes
470,OFR6532-YLWSI,6532-YLWSI,Free Month,20,No
471,OFR5175-AOBHI,5175-AOBHI,Free Month,30,Yes
472,OFR5174-RNGBH,5174-RNGBH,Free Month,10,Yes
473,OFR7270-BDIOA,7270-BDIOA,Free Month,20,No
474,OFR9565-JSNFM,9565-JSNFM,Free Month,30,Yes
475,OFR0607-DAAHE,0607-DAAHE,Discount,20,Yes
476,OFR3389-YGYAI,3389-YGYAI,Discount,10,No
477,OFR3070-DVEYC,3070-DVEYC,Upgrade,30,No
478,OFR5707-ORNDZ,5707-ORNDZ,Discount,20,No
479,OFR8696-JKZNU,8696-JKZNU,Upgrade,10,No
480,OFR2568-OIADY,2568-OIADY,Free Month,10,No
481,OFR6413-XKKPU,6413-XKKPU,Free Month,20,Yes
482,OFR4735-ASGMA,4735-ASGMA,Upgrade,30,Yes
483,OFR6892-EZDTG,6892-EZDTG,Free Month,20,No
484,OFR5884-GCYMI,5884-GCYMI,Free Month,30,No
485,OFR1502-XFCVR,1502-XFCVR,Free Month,10,Yes
486,OFR7912-SYRQT,7912-SYRQT,Upgrade,10,Yes
487,OFR8292-TYSPY,8292-TYSPY,Discount,10,Yes
488,OFR2359-QWQUL,2359-QWQUL,Discount,20,Yes
489,OFR9103-TCIHJ,9103-TCIHJ,Discount,30,Yes
490,OFR4140-WJAWW,4140-WJAWW,Upgrade,30,Yes
491,OFR6653-CBBOM,6653-CBBOM,Upgrade,20,Yes
492,OFR4713-LZDRV,4713-LZDRV,Free Month,10,No
493,OFR2955-PSXOE,2955-PSXOE,Upgrade,20,No
494,OFR6907-NZZIJ,6907-NZZIJ,Upgrade,20,Yes
495,OFR5673-TIYIB,5673-TIYIB,Discount,10,No
496,OFR1602-IJQQE,1602-IJQQE,Discount,10,No
497,OFR6861-OKBCE,6861-OKBCE,Discount,30,No
498,OFR9940-RHLFB,9940-RHLFB,Free Month,30,Yes
499,OFR8020-BWHYL,8020-BWHYL,Free Month,30,No
500,OFR4625-EWPTF,4625-EWPTF,Upgrade,10,Yes
501,OFR5980-NOPLP,5980-NOPLP,Discount,20,No
502,OFR8062-YBDOE,8062-YBDOE,Discount,10,No
503,OFR0947-IDHRQ,0947-IDHRQ,Discount,20,Yes
504,OFR3672-YITQD,3672-YITQD,Upgrade,10,No
505,OFR1902-XBTFB,1902-XBTFB,Upgrade,20,Yes
506,OFR2794-XIMMO,2794-XIMMO,Free Month,10,No
507,OFR8382-SHQEH,8382-SHQEH,Upgrade,10,No
508,OFR1075-BGWOH,1075-BGWOH,Free Month,30,No
509,OFR5366-IJEQJ,5366-IJEQJ,Free Month,20,Yes
510,OFR1981-INRFU,1981-INRFU,Upgrade,20,No
511,OFR8485-GJCDN,8485-GJCDN,Upgrade,20,No
512,OFR6682-QJDGB,6682-QJDGB,Discount,20,No
513,OFR9530-EHPOH,9530-EHPOH,Free Month,10,No
514,OFR0345-HKJVM,0345-HKJVM,Upgrade,30,Yes
515,OFR3049-SOLAY,3049-SOLAY,Upgrade,20,Yes
516,OFR3317-HRTNN,3317-HRTNN,Discount,30,No
517,OFR8058-INTPH,8058-INTPH,Free Month,20,Yes
518,OFR5940-NFXKV,5940-NFXKV,Discount,30,No
519,OFR8053-WWDRO,8053-WWDRO,Upgrade,30,No
520,OFR1213-NGCUN,1213-NGCUN,Upgrade,10,No
521,OFR5747-PMBSQ,5747-PMBSQ,Upgrade,20,No
522,OFR6386-SZZKH,6386-SZZKH,Discount,10,Yes
523,OFR2982-IHMFT,2982-IHMFT,Discount,20,Yes
524,OFR9526-JAWYF,9526-JAWYF,Free Month,30,Yes
525,OFR9050-QLROH,9050-QLROH,Free Month,10,Yes
526,OFR0877-SDMBN,0877-SDMBN,Upgrade,20,Yes
527,OFR9637-EIHEQ,9637-EIHEQ,Free Month,20,Yes
528,OFR9689-PTNPG,9689-PTNPG,Upgrade,10,Yes
529,OFR9465-RWMXL,9465-RWMXL,Discount,10,Yes
530,OFR7394-FKDNK,7394-FKDNK,Upgrade,10,No
531,OFR6331-LWDTQ,6331-LWDTQ,Upgrade,30,No
532,OFR0727-IWKVK,0727-IWKVK,Discount,20,Yes
533,OFR5959-BELXA,5959-BELXA,Free Month,20,No
534,OFR7503-ZGUZJ,7503-ZGUZJ,Upgrade,10,No
535,OFR8718-PTMEZ,8718-PTMEZ,Upgrade,30,No
536,OFR6437-UKHMV,6437-UKHMV,Free Month,20,No
537,OFR1114-CENIM,1114-CENIM,Upgrade,10,No
538,OFR6060-DRTNL,6060-DRTNL,Free Month,20,No
539,OFR6289-CPNLD,6289-CPNLD,Discount,20,Yes
540,OFR5536-SLHPM,5536-SLHPM,Discount,30,Yes
541,OFR0196-VULGZ,0196-VULGZ,Upgrade,20,No
542,OFR7614-QVWQL,7614-QVWQL,Discount,30,No
543,OFR1976-CFOCS,1976-CFOCS,Upgrade,10,No
544,OFR4631-OACRM,4631-OACRM,Discount,10,Yes
545,OFR3755-JBMNH,3755-JBMNH,Discount,10,Yes
546,OFR9574-RKJIF,9574-RKJIF,Free Month,10,No
547,OFR3803-KMQFW,3803-KMQFW,Free Month,10,Yes
548,OFR9611-CTWIH,9611-CTWIH,Free Month,20,Yes
549,OFR0329-GTIAJ,0329-GTIAJ,Upgrade,10,Yes
550,OFR5364-EVNIB,5364-EVNIB,Discount,30,No
551,OFR0013-EXCHZ,0013-EXCHZ,Upgrade,20,No
552,OFR5271-YNWVR,5271-YNWVR,Free Month,30,No
553,OFR6330-JKLPC,6330-JKLPC,Upgrade,10,Yes
554,OFR4667-OHGKG,4667-OHGKG,Free Month,20,No
555,OFR1660-HSOOQ,1660-HSOOQ,Upgrade,30,Yes
556,OFR7228-OMTPN,7228-OMTPN,Discount,20,Yes
557,OFR6284-AHOOQ,6284-AHOOQ,Discount,10,Yes
558,OFR2344-JMOGN,2344-JMOGN,Discount,30,No
559,OFR3799-ISUZQ,3799-ISUZQ,Discount,10,No
560,OFR6424-ELEYH,6424-ELEYH,Free Month,30,Yes
561,OFR5028-HTLJB,5028-HTLJB,Free Month,20,Yes
562,OFR0601-WZHJF,0601-WZHJF,Free Month,10,No
563,OFR0231-LXVAP,0231-LXVAP,Free Month,10,No
564,OFR4471-KXAUH,4471-KXAUH,Discount,20,No
565,OFR0875-CABNR,0875-CABNR,Free Month,20,No
566,OFR5229-PRWKT,5229-PRWKT,Free Month,20,Yes
567,OFR5057-LCOUI,5057-LCOUI,Discount,30,No
568,OFR0654-HMSHN,0654-HMSHN,Upgrade,10,No
569,OFR1891-UAWWU,1891-UAWWU,Free Month,20,No
570,OFR9840-DVNDC,9840-DVNDC,Upgrade,10,No
571,OFR2237-ZFSMY,2237-ZFSMY,Upgrade,10,Yes
572,OFR4871-JTKJF,4871-JTKJF,Upgrade,30,No
573,OFR1415-YFWLT,1415-YFWLT,Free Month,20,Yes
574,OFR6711-VTNRE,6711-VTNRE,Free Month,20,Yes
575,OFR4548-SDBKE,4548-SDBKE,Upgrade,10,Yes
576,OFR8066-POXGX,8066-POXGX,Free Month,30,No
577,OFR4143-OOBWZ,4143-OOBWZ,Upgrade,30,Yes
578,OFR7854-EKTJL,7854-EKTJL,Discount,10,Yes
579,OFR2642-DTVCO,2642-DTVCO,Upgrade,20,Yes
580,OFR4361-JEIVL,4361-JEIVL,Free Month,10,No
581,OFR9507-EXLTT,9507-EXLTT,Free Month,10,Yes
582,OFR7136-RVDTZ,7136-RVDTZ,Free Month,30,No
583,OFR3398-ZOUAA,3398-ZOUAA,Free Month,10,No
584,OFR4512-ZUIYL,4512-ZUIYL,Free Month,30,No
585,OFR7969-AULMZ,7969-AULMZ,Free Month,20,No
586,OFR0568-ONFPC,0568-ONFPC,Upgrade,30,Yes
587,OFR4550-EVXNY,4550-EVXNY,Discount,30,No
588,OFR2968-SSGAA,2968-SSGAA,Free Month,10,No
589,OFR4844-JJWUY,4844-JJWUY,Discount,30,No
590,OFR4905-JEFDW,4905-JEFDW,Upgrade,30,No
591,OFR4786-UKSNZ,4786-UKSNZ,Upgrade,20,No
592,OFR6496-SLWHQ,6496-SLWHQ,Free Month,20,No
593,OFR5383-MMTWC,5383-MMTWC,Upgrade,10,No
594,OFR2202-CUYXZ,2202-CUYXZ,Discount,20,Yes
595,OFR7951-QKZPL,7951-QKZPL,Free Month,20,No
596,OFR9033-EOXWV,9033-EOXWV,Upgrade,10,No
597,OFR1324-NLTJE,1324-NLTJE,Free Month,10,No
598,OFR9185-TQCVP,9185-TQCVP,Free Month,10,No
599,OFR6646-VRFOL,6646-VRFOL,Discount,10,Yes
600,OFR4250-ZBWLV,4250-ZBWLV,Upgrade,20,Yes
601,OFR1871-MOWRM,1871-MOWRM,Upgrade,30,Yes
602,OFR9090-SGQXL,9090-SGQXL,Free Month,10,Yes
603,OFR5649-TJHOV,5649-TJHOV,Upgrade,10,Yes
604,OFR6338-AVWCY,6338-AVWCY,Free Month,30,Yes
605,OFR9253-QXKBE,9253-QXKBE,Free Month,20,Yes
606,OFR3945-GFWQL,3945-GFWQL,Upgrade,20,No
607,OFR8775-LHDJH,8775-LHDJH,Discount,20,No
608,OFR9249-FXSCK,9249-FXSCK,Discount,30,Yes
609,OFR5493-SDRDQ,5493-SDRDQ,Upgrade,20,No
610,OFR9190-MFJLN,9190-MFJLN,Discount,30,No
611,OFR0870-VEMYL,0870-VEMYL,Free Month,30,Yes
612,OFR3627-FCRDW,3627-FCRDW,Upgrade,10,No
613,OFR7562-GSUHK,7562-GSUHK,Upgrade,30,Yes
614,OFR6776-TLWOI,6776-TLWOI,Free Month,20,No
615,OFR2868-MZAGQ,2868-MZAGQ,Free Month,20,No
616,OFR4847-QNOKA,4847-QNOKA,Free Month,10,Yes
617,OFR8650-RHRKE,8650-RHRKE,Free Month,10,No
618,OFR0475-RIJEP,0475-RIJEP,Free Month,30,Yes
619,OFR6328-ZPBGN,6328-ZPBGN,Free Month,30,No
620,OFR4789-KWMXN,4789-KWMXN,Discount,10,Yes
621,OFR8111-RKSPX,8111-RKSPX,Discount,30,Yes
622,OFR2856-NNASM,2856-NNASM,Free Month,10,No
623,OFR8559-CIZFV,8559-CIZFV,Upgrade,10,No
624,OFR4439-JMPMT,4439-JMPMT,Upgrade,20,Yes
625,OFR3296-SILRA,3296-SILRA,Free Month,10,No
626,OFR5180-UCIIQ,5180-UCIIQ,Discount,30,No
627,OFR8878-HMWBV,8878-HMWBV,Upgrade,30,Yes
628,OFR5813-UECBU,5813-UECBU,Free Month,10,No
629,OFR0328-GRPMV,0328-GRPMV,Discount,10,No
630,OFR4195-SMMNX,4195-SMMNX,Free Month,30,Yes
631,OFR3223-WZWJM,3223-WZWJM,Free Month,20,No
632,OFR6615-ZGEDR,6615-ZGEDR,Free Month,20,No
633,OFR7055-VKGDA,7055-VKGDA,Discount,30,Yes
634,OFR7493-TPUWZ,7493-TPUWZ,Free Month,30,No
635,OFR1577-HKTFG,1577-HKTFG,Upgrade,20,Yes
636,OFR8752-STIVR,8752-STIVR,Discount,20,Yes
637,OFR4558-FANTW,4558-FANTW,Free Month,10,Yes
638,OFR7623-TRNQN,7623-TRNQN,Upgrade,10,No
639,OFR8079-XRJRS,8079-XRJRS,Discount,30,Yes
640,OFR8073-IJDCM,8073-IJDCM,Discount,30,Yes
641,OFR2720-WGKHP,2720-WGKHP,Discount,10,No
642,OFR9894-EZEWG,9894-EZEWG,Discount,10,Yes
643,OFR0637-UBJRP,0637-UBJRP,Discount,30,No
644,OFR3259-FDWOY,3259-FDWOY,Discount,20,No
645,OFR0807-ZABDG,0807-ZABDG,Upgrade,10,Yes
646,OFR7739-LAXOG,7739-LAXOG,Free Month,10,No
647,OFR6608-QQLVK,6608-QQLVK,Upgrade,10,No
648,OFR6302-JGYRJ,6302-JGYRJ,Free Month,30,No
649,OFR8413-VONUO,8413-VONUO,Upgrade,30,No
650,OFR9223-UCPVT,9223-UCPVT,Upgrade,20,Yes
651,OFR5419-JPRRN,5419-JPRRN,Free Month,10,No
652,OFR0488-GSLFR,0488-GSLFR,Free Month,10,No
653,OFR9728-FTTVZ,9728-FTTVZ,Discount,20,No
654,OFR7254-IQWOZ,7254-IQWOZ,Upgrade,10,Yes
655,OFR0742-NXBGR,0742-NXBGR,Upgrade,20,Yes
656,OFR5708-EVONK,5708-EVONK,Free Month,30,Yes
657,OFR8708-XPXHZ,8708-XPXHZ,Discount,30,Yes
658,OFR7016-BPGEU,7016-BPGEU,Upgrade,20,Yes
659,OFR3190-XFANI,3190-XFANI,Free Month,20,No
660,OFR7551-DACSP,7551-DACSP,Discount,20,No
661,OFR7235-NXZCP,7235-NXZCP,Free Month,10,Yes
662,OFR1444-VVSGW,1444-VVSGW,Discount,30,Yes
663,OFR5712-PTIWW,5712-PTIWW,Free Month,30,Yes
664,OFR6661-HBGWL,6661-HBGWL,Upgrade,20,Yes
665,OFR1518-VOWAV,1518-VOWAV,Upgrade,30,No
666,OFR5909-ECHUI,5909-ECHUI,Free Month,20,Yes
667,OFR4488-PSYCG,4488-PSYCG,Discount,30,No
668,OFR4701-AHWMW,4701-AHWMW,Upgrade,20,No
669,OFR0023-XUOPT,0023-XUOPT,Upgrade,10,No
670,OFR7242-QZLXF,7242-QZLXF,Discount,20,No
671,OFR4576-CSAJH,4576-CSAJH,Upgrade,30,No
672,OFR1062-LHZOD,1062-LHZOD,Upgrade,30,Yes
673,OFR9600-NAXZN,9600-NAXZN,Upgrade,10,No
674,OFR6457-USBER,6457-USBER,Discount,30,No
675,OFR9248-OJYKK,9248-OJYKK,Upgrade,20,No
676,OFR3398-FSHON,3398-FSHON,Discount,30,No
677,OFR3319-DWOEP,3319-DWOEP,Free Month,30,Yes
678,OFR9259-PACGQ,9259-PACGQ,Upgrade,30,Yes
679,OFR1465-VINDH,1465-VINDH,Upgrade,30,No
680,OFR1925-TIBLE,1925-TIBLE,Upgrade,30,No
681,OFR1447-GIQMR,1447-GIQMR,Upgrade,30,Yes
682,OFR1389-CXMLU,1389-CXMLU,Discount,30,No
683,OFR2272-QAGFO,2272-QAGFO,Free Month,20,No
684,OFR0685-MLYYM,0685-MLYYM,Free Month,20,No
685,OFR8182-PNAGI,8182-PNAGI,Free Month,30,No
686,OFR5515-AKOAJ,5515-AKOAJ,Discount,20,Yes
687,OFR5294-CDGWY,5294-CDGWY,Upgrade,30,No
688,OFR5295-PCJOO,5295-PCJOO,Discount,30,No
689,OFR9863-JZAIC,9863-JZAIC,Discount,30,No
690,OFR7931-PXHFC,7931-PXHFC,Free Month,20,No
691,OFR3990-QYKBE,3990-QYKBE,Discount,30,No
692,OFR3090-HAWSU,3090-HAWSU,Free Month,30,No
693,OFR4597-ELFTS,4597-ELFTS,Discount,20,No
694,OFR8450-JOVAH,8450-JOVAH,Discount,20,Yes
695,OFR9274-CNFMO,9274-CNFMO,Upgrade,10,Yes
696,OFR7758-XKCBS,7758-XKCBS,Discount,20,Yes
697,OFR8992-JQYUN,8992-JQYUN,Free Month,20,Yes
698,OFR0617-AQNWT,0617-AQNWT,Discount,20,Yes
699,OFR2446-PLQVO,2446-PLQVO,Discount,10,Yes
700,OFR3005-NFMTA,3005-NFMTA,Free Month,20,No
701,OFR8784-CGILN,8784-CGILN,Free Month,30,No
702,OFR8444-WRIDW,8444-WRIDW,Upgrade,10,Yes
703,OFR9451-LPGOO,9451-LPGOO,Upgrade,10,No
704,OFR5868-YWPDW,5868-YWPDW,Discount,30,Yes
705,OFR2025-JKFWI,2025-JKFWI,Discount,20,Yes
706,OFR9940-HPQPG,9940-HPQPG,Free Month,20,No
707,OFR9079-YEXQJ,9079-YEXQJ,Discount,10,No
708,OFR2685-SREOM,2685-SREOM,Discount,10,No
709,OFR1273-MTETI,1273-MTETI,Upgrade,30,Yes
710,OFR5480-HPRRX,5480-HPRRX,Upgrade,30,Yes
711,OFR0295-PPHDO,0295-PPHDO,Free Month,30,No
712,OFR4501-EQDRN,4501-EQDRN,Upgrade,20,Yes
713,OFR2990-HWIML,2990-HWIML,Upgrade,20,No
714,OFR5876-HZVZM,5876-HZVZM,Free Month,30,Yes
715,OFR3085-QUOZK,3085-QUOZK,Upgrade,20,No
716,OFR8267-ZNYVZ,8267-ZNYVZ,Discount,10,No
717,OFR6797-LNAQX,6797-LNAQX,Discount,10,No
718,OFR6394-MFYNG,6394-MFYNG,Upgrade,30,Yes
719,OFR8155-IBNHG,8155-IBNHG,Discount,20,Yes
720,OFR4745-LSPLO,4745-LSPLO,Upgrade,20,No
721,OFR8083-YTZES,8083-YTZES,Discount,30,No
722,OFR7240-FQLHE,7240-FQLHE,Free Month,20,No
723,OFR3976-BWUCK,3976-BWUCK,Upgrade,30,No
724,OFR6304-IJFSQ,6304-IJFSQ,Free Month,10,No
725,OFR7703-ZEKEF,7703-ZEKEF,Discount,10,No
726,OFR5482-NUPNA,5482-NUPNA,Upgrade,30,Yes
727,OFR1699-HPSBG,1699-HPSBG,Free Month,30,No
728,OFR0639-TSIQW,0639-TSIQW,Discount,20,No
729,OFR7590-VHVEG,7590-VHVEG,Upgrade,10,No
730,OFR1452-KIOVK,1452-KIOVK,Free Month,30,No
731,OFR9959-WOFKT,9959-WOFKT,Upgrade,10,No
732,OFR5248-YGIJN,5248-YGIJN,Upgrade,30,No
733,OFR7310-EGVHZ,7310-EGVHZ,Upgrade,20,Yes
734,OFR3413-BMNZE,3413-BMNZE,Free Month,30,No
735,OFR0557-ASKVU,0557-ASKVU,Upgrade,20,Yes
736,OFR8402-OOOHJ,8402-OOOHJ,Upgrade,30,Yes
737,OFR3146-MSEGF,3146-MSEGF,Upgrade,30,No
738,OFR9073-ZZIAY,9073-ZZIAY,Discount,20,No
739,OFR7554-NEWDD,7554-NEWDD,Discount,30,No
740,OFR5918-VUKWP,5918-VUKWP,Upgrade,10,No
741,OFR8167-GJLRN,8167-GJLRN,Discount,10,No
742,OFR0956-SYCWG,0956-SYCWG,Discount,10,No
743,OFR4443-EMBNA,4443-EMBNA,Upgrade,10,No
744,OFR1984-GPTEH,1984-GPTEH,Free Month,10,Yes
745,OFR0221-WMXNQ,0221-WMXNQ,Free Month,20,Yes
746,OFR8984-EYLLL,8984-EYLLL,Upgrade,20,No
747,OFR0104-PPXDV,0104-PPXDV,Free Month,30,Yes
748,OFR3520-FJGCV,3520-FJGCV,Discount,10,Yes
749,OFR9442-JTWDL,9442-JTWDL,Free Month,30,Yes
750,OFR5495-GPSRW,5495-GPSRW,Discount,10,Yes
751,OFR7663-ZTEGJ,7663-ZTEGJ,Discount,10,Yes
752,OFR6152-ONASV,6152-ONASV,Free Month,20,Yes
753,OFR2320-SLKMB,2320-SLKMB,Free Month,10,No
754,OFR1910-FMXJM,1910-FMXJM,Free Month,20,Yes
755,OFR5168-MSWXT,5168-MSWXT,Discount,20,Yes
756,OFR1452-VOQCH,1452-VOQCH,Upgrade,20,No
757,OFR4431-EDMIQ,4431-EDMIQ,Free Month,20,No
758,OFR3649-JPUGY,3649-JPUGY,Free Month,10,Yes
759,OFR4134-BSXLX,4134-BSXLX,Upgrade,20,Yes
760,OFR0621-HJWXJ,0621-HJWXJ,Upgrade,10,No
761,OFR8905-IAZPF,8905-IAZPF,Upgrade,30,Yes
762,OFR2782-LFZVW,2782-LFZVW,Free Month,20,Yes
763,OFR5846-NEQVZ,5846-NEQVZ,Upgrade,10,No
764,OFR9548-LIGTA,9548-LIGTA,Upgrade,30,Yes
765,OFR5512-IDZEI,5512-IDZEI,Upgrade,10,No
766,OFR0459-SPZHJ,0459-SPZHJ,Upgrade,20,Yes
767,OFR2804-ETQDK,2804-ETQDK,Upgrade,30,No
768,OFR4881-JVQOD,4881-JVQOD,Discount,20,No
769,OFR3003-CMDUU,3003-CMDUU,Discount,20,Yes
770,OFR2469-DTSGX,2469-DTSGX,Discount,10,No
771,OFR4908-XAXAY,4908-XAXAY,Discount,30,Yes
772,OFR5845-BZZIB,5845-BZZIB,Discount,20,No
773,OFR3030-ZKIWL,3030-ZKIWL,Upgrade,10,No
774,OFR5533-RJFTJ,5533-RJFTJ,Discount,10,No
775,OFR5760-IFJOZ,5760-IFJOZ,Free Month,20,No
776,OFR0946-FKYTX,0946-FKYTX,Upgrade,20,No
777,OFR0078-XZMHT,0078-XZMHT,Free Month,20,No
778,OFR8329-UTMVM,8329-UTMVM,Free Month,10,Yes
779,OFR6786-OBWQR,6786-OBWQR,Free Month,30,No
780,OFR4013-GUXND,4013-GUXND,Free Month,30,No
781,OFR7521-AFHAB,7521-AFHAB,Free Month,10,Yes
782,OFR4335-BSMJS,4335-BSMJS,Upgrade,10,No
783,OFR7695-PKLCZ,7695-PKLCZ,Free Month,10,No
784,OFR4713-ZBURT,4713-ZBURT,Upgrade,10,No
785,OFR5382-SOYZL,5382-SOYZL,Upgrade,10,Yes
786,OFR3261-CQXOL,3261-CQXOL,Free Month,20,No
787,OFR4849-PYRLQ,4849-PYRLQ,Free Month,20,No
788,OFR9108-EQPNQ,9108-EQPNQ,Discount,10,No
789,OFR0929-HYQEW,0929-HYQEW,Free Month,20,No
790,OFR8329-GWVPJ,8329-GWVPJ,Discount,30,No
791,OFR3524-WQDSG,3524-WQDSG,Upgrade,10,Yes
792,OFR2829-HYVZP,2829-HYVZP,Upgrade,20,No
793,OFR0343-QLUZP,0343-QLUZP,Upgrade,10,Yes
794,OFR1430-SFQSA,1430-SFQSA,Free Month,10,No
795,OFR1346-UFHAX,1346-UFHAX,Upgrade,30,No
796,OFR0013-MHZWF,0013-MHZWF,Free Month,30,Yes
797,OFR9091-WTUUY,9091-WTUUY,Discount,10,No
798,OFR8480-PPONV,8480-PPONV,Upgrade,10,Yes
799,OFR4389-UEFCZ,4389-UEFCZ,Upgrade,10,No
800,OFR3022-BEXHZ,3022-BEXHZ,Upgrade,10,No
801,OFR1661-CZBAU,1661-CZBAU,Discount,10,No
802,OFR1371-DWPAZ,1371-DWPAZ,Upgrade,10,No
803,OFR2293-IJWPS,2293-IJWPS,Upgrade,30,No
804,OFR4102-HLENU,4102-HLENU,Discount,20,No
805,OFR0196-JTUQI,0196-JTUQI,Free Month,20,Yes
806,OFR9337-SRRNI,9337-SRRNI,Upgrade,10,No
807,OFR5777-KJIRB,5777-KJIRB,Discount,20,No
808,OFR1866-OBPNR,1866-OBPNR,Free Month,10,Yes
809,OFR8205-MQUGY,8205-MQUGY,Discount,30,Yes
810,OFR9777-WJJPR,9777-WJJPR,Discount,30,No
811,OFR6281-FKEWS,6281-FKEWS,Upgrade,30,No
812,OFR9242-TKFSV,9242-TKFSV,Discount,30,Yes
813,OFR1728-CXQBE,1728-CXQBE,Discount,30,Yes
814,OFR1769-GRUIK,1769-GRUIK,Upgrade,10,No
815,OFR8096-LOIST,8096-LOIST,Discount,20,No
816,OFR2882-WDTBA,2882-WDTBA,Discount,10,No
817,OFR6518-KZXCB,6518-KZXCB,Discount,20,Yes
818,OFR4522-XRWWI,4522-XRWWI,Upgrade,10,No
819,OFR8189-HBVRW,8189-HBVRW,Free Month,30,No
820,OFR0793-TWELN,0793-TWELN,Discount,30,No
821,OFR4422-QVIJA,4422-QVIJA,Upgrade,10,No
822,OFR0274-JKUJR,0274-JKUJR,Upgrade,30,Yes
823,OFR8917-SZTTJ,8917-SZTTJ,Free Month,20,No
824,OFR6961-MJKBO,6961-MJKBO,Upgrade,30,No
825,OFR8158-WPEZG,8158-WPEZG,Discount,10,Yes
826,OFR8646-JCOMS,8646-JCOMS,Free Month,30,No
827,OFR0839-QNXME,0839-QNXME,Free Month,10,No
828,OFR7860-KSUGX,7860-KSUGX,Upgrade,20,No
829,OFR5442-PPTJY,5442-PPTJY,Discount,10,Yes
830,OFR6701-DHKWQ,6701-DHKWQ,Free Month,30,Yes
831,OFR5129-HHMZC,5129-HHMZC,Discount,10,No
832,OFR6732-VAILE,6732-VAILE,Free Month,30,Yes
833,OFR2123-VSCOT,2123-VSCOT,Upgrade,10,Yes
834,OFR8229-BUJHX,8229-BUJHX,Free Month,20,No
835,OFR9993-LHIEB,9993-LHIEB,Free Month,30,No
836,OFR3090-LETTY,3090-LETTY,Upgrade,10,No
837,OFR8543-MSDMF,8543-MSDMF,Discount,20,No
838,OFR4872-JCVCA,4872-JCVCA,Discount,30,No
839,OFR8311-UEUAB,8311-UEUAB,Discount,10,Yes
840,OFR5858-EAFCZ,5858-EAFCZ,Free Month,10,No
841,OFR5656-MJEFC,5656-MJEFC,Upgrade,10,No
842,OFR8160-HOWOX,8160-HOWOX,Free Month,30,Yes
843,OFR1391-UBDAR,1391-UBDAR,Upgrade,20,No
844,OFR8894-JVDCV,8894-JVDCV,Free Month,20,No
845,OFR0248-IPDFW,0248-IPDFW,Discount,30,No
846,OFR1178-PZGAB,1178-PZGAB,Free Month,10,Yes
847,OFR9537-VHDTA,9537-VHDTA,Upgrade,20,No
848,OFR0093-EXYQL,0093-EXYQL,Free Month,20,No
849,OFR1465-LNTLJ,1465-LNTLJ,Upgrade,30,No
850,OFR4967-WPNCF,4967-WPNCF,Discount,30,No
851,OFR9548-ZMVTX,9548-ZMVTX,Free Month,10,Yes
852,OFR6161-ERDGD,6161-ERDGD,Free Month,30,No
853,OFR0023-UYUPN,0023-UYUPN,Upgrade,30,Yes
854,OFR1475-VWVDO,1475-VWVDO,Discount,10,No
855,OFR5406-KGRMX,5406-KGRMX,Free Month,30,No
856,OFR7706-YLMQA,7706-YLMQA,Free Month,20,Yes
857,OFR3200-MNQTF,3200-MNQTF,Free Month,20,No
858,OFR6614-YWYSC,6614-YWYSC,Discount,30,Yes
859,OFR0447-RXSGD,0447-RXSGD,Upgrade,30,No
860,OFR7758-UJWYS,7758-UJWYS,Discount,10,No
861,OFR0739-UUAJR,0739-UUAJR,Free Month,10,Yes
862,OFR3096-YXENJ,3096-YXENJ,Discount,20,No
863,OFR7473-ZBDSN,7473-ZBDSN,Upgrade,10,No
864,OFR4531-AUZNK,4531-AUZNK,Upgrade,10,Yes
865,OFR5996-DAOQL,5996-DAOQL,Discount,10,Yes
866,OFR0484-JPBRU,0484-JPBRU,Free Month,10,No
867,OFR3518-PZXZQ,3518-PZXZQ,Free Month,10,Yes
868,OFR9375-MHRRS,9375-MHRRS,Upgrade,20,No
869,OFR4016-BJKTZ,4016-BJKTZ,Free Month,20,Yes
870,OFR0536-ACXIP,0536-ACXIP,Free Month,30,No
871,OFR8559-WNQZS,8559-WNQZS,Upgrade,20,No
872,OFR2452-KDRRH,2452-KDRRH,Discount,30,No
873,OFR7742-MYPGI,7742-MYPGI,Free Month,20,No
874,OFR0674-DGMAQ,0674-DGMAQ,Discount,20,Yes
875,OFR5294-IMHHT,5294-IMHHT,Discount,20,No
876,OFR3345-JHUEO,3345-JHUEO,Upgrade,10,No
877,OFR2960-NKRSO,2960-NKRSO,Free Month,20,No
878,OFR1038-RQOST,1038-RQOST,Upgrade,20,Yes
879,OFR2065-MMKGR,2065-MMKGR,Free Month,30,No
880,OFR5569-IDSEY,5569-IDSEY,Discount,20,No
881,OFR3853-LYGAM,3853-LYGAM,Upgrade,10,No
882,OFR5680-LQOGP,5680-LQOGP,Upgrade,10,Yes
883,OFR1867-TJHTS,1867-TJHTS,Discount,20,No
884,OFR9844-FELAJ,9844-FELAJ,Discount,30,Yes
885,OFR2468-SJFLM,2468-SJFLM,Free Month,10,Yes
886,OFR3181-VTHOE,3181-VTHOE,Free Month,20,No
887,OFR8903-WMRNW,8903-WMRNW,Free Month,20,Yes
888,OFR2253-KPMNB,2253-KPMNB,Free Month,30,No
889,OFR5044-XDPYX,5044-XDPYX,Upgrade,10,No
890,OFR5501-TVMGM,5501-TVMGM,Upgrade,20,Yes
891,OFR3810-DVDQQ,3810-DVDQQ,Free Month,10,No
892,OFR0750-EKNGL,0750-EKNGL,Free Month,20,No
893,OFR8043-PNYSD,8043-PNYSD,Free Month,20,Yes
894,OFR9938-EKRGF,9938-EKRGF,Discount,10,No
895,OFR3629-ZNKXA,3629-ZNKXA,Upgrade,10,Yes
896,OFR6818-DJXAA,6818-DJXAA,Free Month,10,Yes
897,OFR2874-YXVVA,2874-YXVVA,Upgrade,10,No
898,OFR1085-LDWAM,1085-LDWAM,Free Month,20,No
899,OFR0136-IFMYD,0136-IFMYD,Free Month,10,Yes
900,OFR4232-JGKIY,4232-JGKIY,Upgrade,30,No
901,OFR1335-HQMKX,1335-HQMKX,Free Month,30,Yes
902,OFR3474-BAFSJ,3474-BAFSJ,Free Month,20,Yes
903,OFR6447-EGDIV,6447-EGDIV,Free Month,30,No
904,OFR9919-KNPOO,9919-KNPOO,Free Month,30,Yes
905,OFR0468-YRPXN,0468-YRPXN,Discount,10,Yes
906,OFR0247-SLUJI,0247-SLUJI,Free Month,30,No
907,OFR7801-KICAO,7801-KICAO,Discount,30,No
908,OFR1335-NTIUC,1335-NTIUC,Discount,20,No
909,OFR4558-CGYCZ,4558-CGYCZ,Upgrade,30,No
910,OFR2880-FPNAE,2880-FPNAE,Upgrade,20,No
911,OFR1301-LOPVR,1301-LOPVR,Upgrade,10,Yes
912,OFR0853-TWRVK,0853-TWRVK,Free Month,10,Yes
913,OFR6696-YDAYZ,6696-YDAYZ,Free Month,30,Yes
914,OFR6080-TCMYC,6080-TCMYC,Upgrade,30,No
915,OFR6357-JJPQT,6357-JJPQT,Free Month,20,No
916,OFR9313-CDOGY,9313-CDOGY,Free Month,10,Yes
917,OFR3209-ZPKFI,3209-ZPKFI,Discount,30,No
918,OFR1991-VOPLL,1991-VOPLL,Free Month,20,Yes
919,OFR1142-IHLOO,1142-IHLOO,Discount,10,Yes
920,OFR2842-BCQGE,2842-BCQGE,Free Month,30,Yes
921,OFR2150-WLKUW,2150-WLKUW,Discount,10,No
922,OFR3489-HHPFY,3489-HHPFY,Free Month,20,No
923,OFR2129-ALKBS,2129-ALKBS,Free Month,30,No
924,OFR1309-XGFSN,1309-XGFSN,Discount,10,Yes
925,OFR8573-JGCZW,8573-JGCZW,Free Month,10,No
926,OFR6837-HAEVO,6837-HAEVO,Upgrade,10,No
927,OFR9169-BSVIN,9169-BSVIN,Upgrade,20,Yes
928,OFR7714-YXSMB,7714-YXSMB,Discount,30,Yes
929,OFR1080-BWSYE,1080-BWSYE,Discount,20,No
930,OFR3786-WOVKF,3786-WOVKF,Upgrade,30,No
931,OFR5206-XZZQI,5206-XZZQI,Upgrade,20,Yes
932,OFR1729-VLAZJ,1729-VLAZJ,Free Month,20,Yes
933,OFR2019-HDCZY,2019-HDCZY,Discount,30,Yes
934,OFR4334-HOWRP,4334-HOWRP,Upgrade,20,No
935,OFR5574-NXZIU,5574-NXZIU,Upgrade,20,Yes
936,OFR0603-TPMIB,0603-TPMIB,Upgrade,10,Yes
937,OFR2434-EEVDB,2434-EEVDB,Free Month,30,No
938,OFR2688-BHGOG,2688-BHGOG,Upgrade,10,Yes
939,OFR6624-JDRDS,6624-JDRDS,Discount,10,No
940,OFR2190-PHBHR,2190-PHBHR,Discount,20,No
941,OFR1194-BHJYC,1194-BHJYC,Discount,20,No
942,OFR1905-OEILC,1905-OEILC,Upgrade,20,Yes
943,OFR5345-BMKWB,5345-BMKWB,Discount,10,Yes
944,OFR6124-ACRHJ,6124-ACRHJ,Upgrade,20,No
945,OFR3572-UUHRS,3572-UUHRS,Free Month,30,Yes
946,OFR1131-ALZWV,1131-ALZWV,Free Month,10,No
947,OFR8413-YNHNV,8413-YNHNV,Free Month,30,No
948,OFR4366-CTOUZ,4366-CTOUZ,Discount,30,Yes
949,OFR2675-OTVVJ,2675-OTVVJ,Upgrade,20,Yes
950,OFR8212-CRQXP,8212-CRQXP,Upgrade,30,No
951,OFR6217-TOWGS,6217-TOWGS,Upgrade,20,No
952,OFR6874-SGLHU,6874-SGLHU,Free Month,20,No
953,OFR3486-HOOGQ,3486-HOOGQ,Free Month,10,Yes
954,OFR4825-FUREZ,4825-FUREZ,Discount,20,No
955,OFR0442-ZXKVS,0442-ZXKVS,Discount,10,No
956,OFR3530-VWVGU,3530-VWVGU,Upgrade,20,Yes
957,OFR0423-UDIJQ,0423-UDIJQ,Upgrade,10,No
958,OFR2211-RMNHO,2211-RMNHO,Free Month,10,No
959,OFR0813-TAXXS,0813-TAXXS,Upgrade,10,No
960,OFR1202-KKGFU,1202-KKGFU,Discount,30,No
961,OFR5537-UXXVS,5537-UXXVS,Upgrade,20,Yes
962,OFR8741-LQOBK,8741-LQOBK,Discount,30,No
963,OFR8024-XNAFQ,8024-XNAFQ,Free Month,20,No
964,OFR0463-TXOAK,0463-TXOAK,Upgrade,30,No
965,OFR0594-UFTUL,0594-UFTUL,Free Month,20,No
966,OFR0961-ZWLVI,0961-ZWLVI,Free Month,30,No
967,OFR0480-BIXDE,0480-BIXDE,Upgrade,10,No
968,OFR8144-DGHXP,8144-DGHXP,Discount,10,No
969,OFR9200-NLNPD,9200-NLNPD,Discount,10,No
970,OFR8190-ZTQFB,8190-ZTQFB,Upgrade,30,No
971,OFR7515-LODFU,7515-LODFU,Upgrade,10,Yes
972,OFR8125-QPFJD,8125-QPFJD,Discount,30,No
973,OFR4393-RYCRE,4393-RYCRE,Free Month,10,No
974,OFR2533-TIBIX,2533-TIBIX,Upgrade,10,Yes
975,OFR7161-DFHUF,7161-DFHUF,Free Month,10,No
976,OFR3898-GUYTS,3898-GUYTS,Free Month,10,Yes
977,OFR8595-SIZNC,8595-SIZNC,Free Month,10,No
978,OFR0708-SJDIS,0708-SJDIS,Free Month,20,No
979,OFR0277-BKSQP,0277-BKSQP,Discount,30,No
980,OFR0363-SVHYR,0363-SVHYR,Free Month,20,No
981,OFR4903-CNOZC,4903-CNOZC,Free Month,30,Yes
982,OFR4353-HYOJD,4353-HYOJD,Free Month,30,No
983,OFR8016-NCFVO,8016-NCFVO,Upgrade,30,No
984,OFR7017-VFULY,7017-VFULY,Free Month,30,No
985,OFR8294-UIMBA,8294-UIMBA,Upgrade,30,No
986,OFR2252-JHJGE,2252-JHJGE,Free Month,10,Yes
987,OFR8075-GXIUB,8075-GXIUB,Discount,20,No
988,OFR0997-YTLNY,0997-YTLNY,Discount,20,Yes
989,OFR8745-PVESG,8745-PVESG,Upgrade,30,No
990,OFR9027-TMATR,9027-TMATR,Upgrade,20,Yes
991,OFR6559-PDZLR,6559-PDZLR,Discount,30,Yes
992,OFR6082-GLJIX,6082-GLJIX,Upgrade,20,No
993,OFR0485-ZBSLN,0485-ZBSLN,Upgrade,30,No
994,OFR2786-GCDPI,2786-GCDPI,Discount,30,Yes
995,OFR9970-QBCDA,9970-QBCDA,Free Month,20,No
996,OFR6933-FHBZC,6933-FHBZC,Upgrade,20,No
997,OFR4277-UDIEF,4277-UDIEF,Upgrade,30,No
998,OFR7609-YBPXG,7609-YBPXG,Free Month,30,No
999,OFR2404-JIBFC,2404-JIBFC,Free Month,10,No
1000,OFR4632-PAOYU,4632-PAOYU,Discount,30,Yes
1001,OFR4589-IUAJB,4589-IUAJB,Upgrade,10,Yes
1002,OFR6918-UMQCG,6918-UMQCG,Upgrade,30,No
1003,OFR4654-ULTTN,4654-ULTTN,Upgrade,30,Yes
1004,OFR0487-VVUVK,0487-VVUVK,Discount,10,No
1005,OFR1576-PFZIW,1576-PFZIW,Upgrade,20,Yes
1006,OFR6260-XLACS,6260-XLACS,Upgrade,20,No
1007,OFR0168-XZKBB,0168-XZKBB,Discount,30,Yes
1008,OFR6064-ZATLR,6064-ZATLR,Upgrade,10,No
1009,OFR6408-WHTEF,6408-WHTEF,Upgrade,10,No
1010,OFR1972-XMUWV,1972-XMUWV,Upgrade,30,No
1011,OFR6252-DFGTK,6252-DFGTK,Upgrade,30,No
1012,OFR6754-WKSHP,6754-WKSHP,Discount,10,Yes
1013,OFR7526-IVLYU,7526-IVLYU,Free Month,10,No
1014,OFR0856-NAOES,0856-NAOES,Discount,30,Yes
1015,OFR5965-GGPRW,5965-GGPRW,Free Month,20,Yes
1016,OFR1099-GODLO,1099-GODLO,Free Month,20,Yes
1017,OFR0020-JDNXP,0020-JDNXP,Free Month,20,No
1018,OFR4079-ULGFR,4079-ULGFR,Discount,10,Yes
1019,OFR8331-ZXFOE,8331-ZXFOE,Upgrade,20,No
1020,OFR2580-ATZSQ,2580-ATZSQ,Upgrade,20,Yes
1021,OFR9881-VCZEP,9881-VCZEP,Upgrade,10,No
1022,OFR5438-QMDDL,5438-QMDDL,Discount,20,Yes
1023,OFR0118-JPNOY,0118-JPNOY,Discount,30,No
1024,OFR8495-PRWFH,8495-PRWFH,Discount,10,No
1025,OFR8597-CTXVJ,8597-CTXVJ,Upgrade,10,No
1026,OFR4476-OSWTN,4476-OSWTN,Discount,20,Yes
1027,OFR2661-GKBTK,2661-GKBTK,Discount,20,No
1028,OFR5003-OKNNK,5003-OKNNK,Free Month,30,Yes
1029,OFR7208-PSIHR,7208-PSIHR,Free Month,20,No
1030,OFR7435-ZNUYY,7435-ZNUYY,Upgrade,30,No
1031,OFR3422-GALYP,3422-GALYP,Upgrade,30,No
1032,OFR7033-CLAMM,7033-CLAMM,Discount,10,No
1033,OFR8873-GLDMH,8873-GLDMH,Upgrade,10,No
1034,OFR1027-LKKQQ,1027-LKKQQ,Upgrade,30,No
1035,OFR9610-WCESF,9610-WCESF,Free Month,20,No
1036,OFR2486-WYVVE,2486-WYVVE,Discount,10,Yes
1037,OFR0480-KYJVA,0480-KYJVA,Upgrade,30,No
1038,OFR4062-HBMOS,4062-HBMOS,Free Month,10,No
1039,OFR4753-PADAS,4753-PADAS,Free Month,10,Yes
1040,OFR6103-QCKFX,6103-QCKFX,Free Month,10,No
1041,OFR4957-SREEC,4957-SREEC,Free Month,30,Yes
1042,OFR5195-KPUNQ,5195-KPUNQ,Upgrade,20,No
1043,OFR4891-NLUBA,4891-NLUBA,Discount,10,Yes
1044,OFR3389-KTRXV,3389-KTRXV,Upgrade,20,No
1045,OFR4657-FWVFY,4657-FWVFY,Upgrade,20,No
1046,OFR2791-SFVEW,2791-SFVEW,Upgrade,20,No
1047,OFR5161-XEUVX,5161-XEUVX,Free Month,10,Yes
1048,OFR0516-OOHAR,0516-OOHAR,Discount,10,No
1049,OFR1785-BPHTP,1785-BPHTP,Upgrade,30,No
1050,OFR4989-LIXVT,4989-LIXVT,Upgrade,10,No
1051,OFR4114-QMKVN,4114-QMKVN,Free Month,20,No
1052,OFR3855-ONCAR,3855-ONCAR,Free Month,30,No
1053,OFR1488-SYSFC,1488-SYSFC,Free Month,20,Yes
1054,OFR8441-SHIPE,8441-SHIPE,Free Month,10,Yes
1055,OFR8071-SBTRN,8071-SBTRN,Free Month,10,No
1056,OFR7976-CICYS,7976-CICYS,Discount,10,Yes
1057,OFR1036-GUDCL,1036-GUDCL,Upgrade,10,No
1058,OFR7815-PDTHL,7815-PDTHL,Discount,10,No
1059,OFR0531-XBKMM,0531-XBKMM,Discount,10,No
1060,OFR8465-SBRXP,8465-SBRXP,Upgrade,30,No
1061,OFR4070-OKWVH,4070-OKWVH,Upgrade,20,No
1062,OFR2133-TSRRM,2133-TSRRM,Upgrade,10,No
1063,OFR5306-BVTKJ,5306-BVTKJ,Upgrade,20,Yes
1064,OFR3914-FDRHP,3914-FDRHP,Discount,30,No
1065,OFR4690-PKDQG,4690-PKDQG,Discount,10,No
1066,OFR5351-QESIO,5351-QESIO,Upgrade,10,No
1067,OFR5568-DMXZS,5568-DMXZS,Free Month,30,Yes
1068,OFR1389-WNUIB,1389-WNUIB,Upgrade,30,No
1069,OFR7164-BPTUT,7164-BPTUT,Upgrade,20,Yes
1070,OFR0052-YNYOT,0052-YNYOT,Free Month,30,Yes
1071,OFR9347-AERRL,9347-AERRL,Free Month,20,No
1072,OFR7398-LXGYX,7398-LXGYX,Discount,20,No
1073,OFR0871-OPBXW,0871-OPBXW,Upgrade,30,No
